{"cameraMode":{"drawMode":0,"name":"Shaded","section":"Shading Mode"},"sceneLighting":true,"audioPlay":false,"sceneViewState":{"showFog":true,"showMaterialUpdate":false,"showSkybox":true,"showFlares":true,"showImageEffects":true,"showParticleSystems":true},"in2DMode":false,"pivot":{"x":43.62702178955078,"y":9.47221851348877,"z":-24.790292739868165},"rotation":{"x":0.32821857929229739,"y":0.29787513613700869,"z":-0.10996418446302414,"w":0.8898441195487976},"size":3.3166940212249758,"orthographic":false}