{"cameraMode":{"drawMode":0,"name":"Shaded","section":"Shading Mode"},"sceneLighting":true,"audioPlay":false,"sceneViewState":{"showFog":true,"showMaterialUpdate":false,"showSkybox":true,"showFlares":true,"showImageEffects":true,"showParticleSystems":true},"in2DMode":false,"pivot":{"x":2.2703583240509035,"y":-21.38321304321289,"z":7.346688270568848},"rotation":{"x":0.12777893245220185,"y":-0.0693739503622055,"z":0.008791331201791764,"w":0.9896339774131775},"size":52.252464294433597,"orthographic":false}