{"cameraMode":{"drawMode":0,"name":"Shaded","section":"Shading Mode"},"sceneLighting":true,"audioPlay":false,"sceneViewState":{"showFog":true,"showMaterialUpdate":false,"showSkybox":true,"showFlares":true,"showImageEffects":true,"showParticleSystems":true},"in2DMode":false,"pivot":{"x":28.65456199645996,"y":-41.730224609375,"z":-22.334148406982423},"rotation":{"x":-0.4536832571029663,"y":0.0649491548538208,"z":-0.0330834724009037,"w":-0.8882395625114441},"size":32.7298583984375,"orthographic":false}