{"cameraMode":{"drawMode":0,"name":"Shaded","section":"Shading Mode"},"sceneLighting":true,"audioPlay":false,"sceneViewState":{"showFog":true,"showMaterialUpdate":false,"showSkybox":true,"showFlares":true,"showImageEffects":true,"showParticleSystems":true},"in2DMode":false,"pivot":{"x":34.41630554199219,"y":1.4147987365722657,"z":-53.668888092041019},"rotation":{"x":-0.024226970970630647,"y":0.5799620747566223,"z":-0.01720595173537731,"w":-0.8141844868659973},"size":0.8660284280776978,"orthographic":false}