{"cameraMode":{"drawMode":0,"name":"Shaded","section":"Shading Mode"},"sceneLighting":true,"audioPlay":false,"sceneViewState":{"showFog":true,"showMaterialUpdate":false,"showSkybox":true,"showFlares":true,"showImageEffects":true,"showParticleSystems":true},"in2DMode":false,"pivot":{"x":31.525331497192384,"y":-18.29094696044922,"z":-47.631629943847659},"rotation":{"x":-0.04419182240962982,"y":0.9488682150840759,"z":-0.1529923379421234,"w":-0.27329328656196597},"size":34.689788818359378,"orthographic":false}