{"cameraMode":{"drawMode":0,"name":"Shaded","section":"Shading Mode"},"sceneLighting":true,"audioPlay":false,"sceneViewState":{"showFog":true,"showMaterialUpdate":false,"showSkybox":true,"showFlares":true,"showImageEffects":true,"showParticleSystems":true},"in2DMode":false,"pivot":{"x":14.816919326782227,"y":5.023718357086182,"z":-61.07054901123047},"rotation":{"x":0.13734997808933259,"y":0.48874005675315859,"z":-0.07821045815944672,"w":0.8580296039581299},"size":2.2821319103240969,"orthographic":false}