{"cameraMode":{"drawMode":0,"name":"Shaded","section":"Shading Mode"},"sceneLighting":true,"audioPlay":false,"sceneViewState":{"showFog":true,"showMaterialUpdate":false,"showSkybox":true,"showFlares":true,"showImageEffects":true,"showParticleSystems":true},"in2DMode":false,"pivot":{"x":-27.149255752563478,"y":-38.228206634521487,"z":-20.476791381835939},"rotation":{"x":0.22907164692878724,"y":-0.29210180044174197,"z":0.07193243503570557,"w":0.926078736782074},"size":52.252464294433597,"orthographic":false}