{"cameraMode":{"drawMode":0,"name":"Shaded","section":"Shading Mode"},"sceneLighting":true,"audioPlay":false,"sceneViewState":{"showFog":true,"showMaterialUpdate":false,"showSkybox":true,"showFlares":true,"showImageEffects":true,"showParticleSystems":true},"in2DMode":false,"pivot":{"x":17.560583114624025,"y":-22.89512825012207,"z":-1.5189354419708253},"rotation":{"x":0.2081950604915619,"y":-0.009475961327552796,"z":0.002009438117966056,"w":0.9781396985054016},"size":38.233245849609378,"orthographic":false}