{"cameraMode":{"drawMode":0,"name":"Shaded","section":"Shading Mode"},"sceneLighting":false,"audioPlay":false,"sceneViewState":{"showFog":false,"showMaterialUpdate":false,"showSkybox":false,"showFlares":false,"showImageEffects":false,"showParticleSystems":false},"in2DMode":false,"pivot":{"x":21.327394485473634,"y":2.3834710121154787,"z":-26.854970932006837},"rotation":{"x":0.23868386447429658,"y":-0.26267918944358828,"z":0.06704216450452805,"w":0.9326230883598328},"size":35.11472702026367,"orthographic":false}