{"cameraMode":{"drawMode":0,"name":"Shaded","section":"Shading Mode"},"sceneLighting":false,"audioPlay":false,"sceneViewState":{"showFog":false,"showMaterialUpdate":false,"showSkybox":false,"showFlares":false,"showImageEffects":false,"showParticleSystems":false},"in2DMode":false,"pivot":{"x":-7.4408087730407719,"y":1.465000033378601,"z":-7.310400009155273},"rotation":{"x":0.13047274947166444,"y":-0.13047178089618684,"z":0.017322277650237085,"w":0.982681393623352},"size":10.0,"orthographic":false}