{"cameraMode":{"drawMode":0,"name":"Shaded","section":"Shading Mode"},"sceneLighting":false,"audioPlay":false,"sceneViewState":{"showFog":false,"showMaterialUpdate":false,"showSkybox":false,"showFlares":false,"showImageEffects":false,"showParticleSystems":false},"in2DMode":false,"pivot":{"x":40.31999969482422,"y":3.4800000190734865,"z":-45.75},"rotation":{"x":0.2776579260826111,"y":0.11636487394571305,"z":-0.03390282765030861,"w":0.9530112743377686},"size":0.0866016298532486,"orthographic":false}