{"cameraMode":{"drawMode":0,"name":"Shaded","section":"Shading Mode"},"sceneLighting":true,"audioPlay":false,"sceneViewState":{"showFog":false,"showMaterialUpdate":false,"showSkybox":false,"showFlares":false,"showImageEffects":false,"showParticleSystems":false},"in2DMode":false,"pivot":{"x":47.46996307373047,"y":1.7020819187164307,"z":-67.00680541992188},"rotation":{"x":0.12999531626701356,"y":-0.39962679147720339,"z":0.05723828822374344,"w":0.9057543277740479},"size":4.272254943847656,"orthographic":false}