{"cameraMode":{"drawMode":0,"name":"Shaded","section":"Shading Mode"},"sceneLighting":false,"audioPlay":false,"sceneViewState":{"showFog":false,"showMaterialUpdate":false,"showSkybox":false,"showFlares":false,"showImageEffects":false,"showParticleSystems":false},"in2DMode":false,"pivot":{"x":41.154788970947269,"y":2.44352388381958,"z":-54.16875457763672},"rotation":{"x":0.14973793923854829,"y":-0.6853424310684204,"z":0.14714743196964265,"w":0.6973795890808106},"size":6.273928642272949,"orthographic":false}